"title, company, location, link"
Apply Operations Support Specialist,Indeed,Remote in United States+1 location,https://www.indeed.com/viewjob?jk=e9e4f26a5795eb70
Software Development (All Levels),Insurity,Remote,https://www.indeed.com/viewjob?jk=676599852a737304
Senior Python Engineer,Fractal Networks,Remote,https://www.indeed.com/viewjob?jk=fcd8fea1eef70e47
Remote Python Developer,Piper Companies,+5 locationsRemote,https://www.indeed.com/viewjob?jk=f051f29036a14ed8
Multiple Fulltime Positions,Addo,Remote,https://www.indeed.com/viewjob?jk=e7192367a6daa6d2
Software Development Engineer II,Amazon.com,"Santa Monica, CA+126 locations",https://www.indeed.com/viewjob?jk=bc686bf50fd73dc9
Senior Python Engineer,Keasis INC,Remote,https://www.indeed.com/viewjob?jk=53e53a8565ad7777
Python Developer Ex Google,Laiba Technologies,Remote,https://www.indeed.com/viewjob?jk=b320fff3c073ec2d
Sr. Python Engineer,Piper Companies,Remote in North Carolina+1 location,https://www.indeed.com/viewjob?jk=cc01233876b9f915
Data Analyst,Hulu,"Santa Monica, CA",https://www.indeed.com/viewjob?jk=38d685cb5059bbd5
Data Analyst: Technical Business Intelligence,Barstool Sports,Remote in United States,https://www.indeed.com/viewjob?jk=1b69b56cac09ab1d
Web Developer,Indeed,Remote in United States,https://www.indeed.com/viewjob?jk=918b5e8e3f33e598
Python Full Stack Engineer,Info Resume Edge,Remote,https://www.indeed.com/viewjob?jk=72bb7fdca25368ff
Threat Intelligence Analyst (Remote),Microsoft,Remote in United States+1 location,https://www.indeed.com/viewjob?jk=9e83cc9f7a85e4ff
Remote Python Developer,Scopic,"Remote in Rutland, MA 01543",https://www.indeed.com/viewjob?jk=1855a7fc7b85db78
Python Dataflow Developer,SHGT,Remote,https://www.indeed.com/viewjob?jk=fdf93ccd87028773
Junior Trader (Remote),"DV Trading, LLC",+1 locationRemote,https://www.indeed.com/viewjob?jk=a3efb9c7670a49bc
Full Stack Engineer,Da Vinci,"Remote in Anaheim, CA 92806+1 location",https://www.indeed.com/viewjob?jk=0ffc3b768fe5a12c
"Director, Product Science",Indeed,United States+1 location,https://www.indeed.com/viewjob?jk=bc154c02eb4e39b7
Python Developer (Remote),Ericsson,"Remote in Basking Ridge, NJ",https://www.indeed.com/viewjob?jk=2398e0802767205d
"Director, Model Governance",Hyundai Capital America,"Irvine, CA 92612 (San Joaquin Marsh area)",https://www.indeed.com/viewjob?jk=c574c4e9102b5cad
Python Developer,Volto Consulting,"Austin, TX+1 location",https://www.indeed.com/viewjob?jk=471630cae317f7c9
Sr. Python Developer,Snowrelic,Remote,https://www.indeed.com/viewjob?jk=b972d80e074e9ed0
Software Engineer Apprentice,IBM,"Poughkeepsie, NY 12601+19 locations",https://www.indeed.com/viewjob?jk=d41a31c484e6ea12
Risk Analyst,Lobel Financial,"Anaheim, CA 92801 (West Anaheim area)",https://www.indeed.com/viewjob?jk=dbbdf1148d09ff1f
DevOps Engineer CDK/Python,Hive Collective,Remote,https://www.indeed.com/viewjob?jk=1562224559b26a77
Software Engineer - Python (W2 role),Hs Solutions Inc,"Dublin, CA",https://www.indeed.com/viewjob?jk=634f9069575424d3
Senior Python Engineer,Suited,Remote,https://www.indeed.com/viewjob?jk=968f0d44ef57f1be
Python Developer,Kiteblaze Inc,"Columbus, NY",https://www.indeed.com/viewjob?jk=a21f266b861ebfa2
AWS Developer with Python or Java,"PEN Software, Inc.",Remote,https://www.indeed.com/viewjob?jk=8996260ce13179e4
Python Developer,Moove-it,Remote,https://www.indeed.com/viewjob?jk=30d2deae65d78d38
Python Developer,"AGM Tech Solutions, INC.",+1 locationRemote,https://www.indeed.com/viewjob?jk=88885501204ccf6c
"FP&A Data Analyst Consultant (Part-Time Contractor), Virtual...","Stride, Inc.",Remote,https://www.indeed.com/viewjob?jk=a2acca943d8e2365
Python Developer/Engineer,Unizin,+1 locationRemote,https://www.indeed.com/viewjob?jk=e5f2fd4bd2f9101f
Data Engineer/Analyst,First Soft Solutions [ Direct],"Denver, CO+2 locations",https://www.indeed.com/viewjob?jk=c40ac192248112cc
Copyright Analyst,Google,"San Bruno, CA",https://www.indeed.com/viewjob?jk=3731cf4ddfd67d3a
Analytics Researcher,UNC-Chapel Hill,"Chapel Hill, NC 27599+1 location",https://www.indeed.com/viewjob?jk=d77c3a92eff23734
DevOps Engineer,First Soft Solutions [ Direct],"Denver, CO+1 location",https://www.indeed.com/viewjob?jk=57e6591649f84e7e
Python Full Stack Developer,iTrending Solutions,Remote,https://www.indeed.com/viewjob?jk=5e0ce05e2fa744d6
Python SQL Back end Developer,Znd Labs,Remote,https://www.indeed.com/viewjob?jk=65d8a2bd89bb1fef
Python Lead Developer,SYSTECH,"Glendale, CA 91203 (Glendale area)",https://www.indeed.com/viewjob?jk=ee1af7f733f6b0a4
"Quantum Calibration Research Scientist, Quantum AI",Google,"Goleta, CA+7 locations",https://www.indeed.com/viewjob?jk=39ff608317ef6e5e
Risk Analyst,Lobel Financial,"Anaheim, CA 92801 (West Anaheim area)",https://www.indeed.com/viewjob?jk=dbbdf1148d09ff1f
Client Data Analyst (Remote),Experian,"Remote in Costa Mesa, CA 92626+5 locations",https://www.indeed.com/viewjob?jk=e340b3c588a10bd3
SDE I,98point6,"Remote in Seattle, WA",https://www.indeed.com/viewjob?jk=3127592d676a12cc
Python Developer,Urbane Systems LLC,Remote,https://www.indeed.com/viewjob?jk=32766a61edee3fba
Data Engineer II - SMB,Indeed,United States,https://www.indeed.com/viewjob?jk=3f2d1d8ba105b921
Data Analyst,Jahnel Group,"Remote in Schenectady, NY 12305",https://www.indeed.com/viewjob?jk=3cb056a16f6c02a9
Python Developer,Third Republic,Remote in United States,https://www.indeed.com/viewjob?jk=dc7c8c09bdb12f68
AWS Solutions Architect,TensorIoT Inc,Remote,https://www.indeed.com/viewjob?jk=47212515f24e96b8
"Author, Software Development (Python) - Remote",Pluralsight,Remote in Utah,https://www.indeed.com/viewjob?jk=04e4e85e93a52ec2
Sr BIE Security,Amazon.com Services LLC,+3 locationsRemote,https://www.indeed.com/viewjob?jk=eb83b67314d05d77
Python Developer,Baanyan Software Services,Remote in United States,https://www.indeed.com/viewjob?jk=a0bfc3b4b7148202
Senior Subscriber Data Analyst,Disney Streaming,"Santa Monica, CA+4 locations",https://www.indeed.com/viewjob?jk=e4db0e7e7ebba080
"Policy Analyst (StratAdv1,Ex) - Job 2022-00882",City of Seattle,"Seattle, WA",https://www.indeed.com/viewjob?jk=883f34be2fe6b052
Data Integration Analyst-Replatform (PH),The Walt Disney Company (Corporate),"Burbank, CA+1 location",https://www.indeed.com/viewjob?jk=0463911f1478ff8d
Python Backend Software Engineer,Beautylish Inc.,Remote,https://www.indeed.com/viewjob?jk=a93dea95ca20e385
Senior Data Engineer - Python/Pyspark/SQL,Datassay Incorporation,Remote,https://www.indeed.com/viewjob?jk=219105dae9bb5f0a
Trader,SeatGeek,+1 locationRemote,https://www.indeed.com/viewjob?jk=cf4d43a8750a6310
Software Engineer,ANDURIL INDUSTRIES,"Costa Mesa, CA+7 locations",https://www.indeed.com/viewjob?jk=6a8c586ac5ab0288
Middle/Senior Python Developer,Exadel,Georgia+2 locations,https://www.indeed.com/viewjob?jk=0dcb3a7115792c55
Senior Python Developer,Maxiom Apps,Remote,https://www.indeed.com/viewjob?jk=43372827663aa72c
Power BI Developer,ETG Digital,Remote,https://www.indeed.com/viewjob?jk=edf2367355689cb8
Apply Operations Support Specialist,Indeed,Remote in United States+1 location,https://www.indeed.com/viewjob?jk=babbfe40cb194575
Machine Learning Scientist,PayPal,"San Jose, CA+7 locations",https://www.indeed.com/viewjob?jk=e6da34e2584dd080
Software Engineer (Python),iManage,+1 locationRemote,https://www.indeed.com/viewjob?jk=7a0d897b277cc3ba
Detection Engineer,Red Canary,Remote,https://www.indeed.com/viewjob?jk=9ba25d9616fb7c7e
Test Engineer,Extron,"Anaheim, CA 92805 (Southeast Anaheim area)",https://www.indeed.com/viewjob?jk=20f17976ca328b2c
DreamWorks Technology - Python Software Engineer - Layout To...,NBCUniversal,"Glendale, CA",https://www.indeed.com/viewjob?jk=3b527c95fd22203a
Lead Software Engineer,"Disney Parks, Experiences and Products","Anaheim, CA+7 locations",https://www.indeed.com/viewjob?jk=54dd56e3469f0fbe
Senior Researcher,"Discovery Education, Inc.",+2 locationsRemote,https://www.indeed.com/viewjob?jk=944ed61fca5d1684
Web Developer (PH),The Walt Disney Company (Corporate),"Glendale, CA",https://www.indeed.com/viewjob?jk=58f3531a3710e98d
Software Engineer (Remote),"Arcules, Inc.","Remote in Irvine, CA 92614",https://www.indeed.com/viewjob?jk=ed6f087f9f77fdc7
Data Analyst,Babson Diagnostics,"Austin, TX 78753 (Heritage Hills area)",https://www.indeed.com/viewjob?jk=ea00d833f1bbbe04
Quantitative Research Scientist - Remote,Pearson,"Remote in Boise, ID 83756+51 locations",https://www.indeed.com/viewjob?jk=0d62a4dc664f58ef
